category_id_clean,dominant_canonical_family,dominant_count,mapped_total,dominant_percentage,mapping_strength
0.0,Transfers & Withdrawals,2276,3217,70.749145166304,WEAK
1.0,Income,261,270,96.66666666666667,STRONG
2.0,Transfers & Withdrawals,2,3,66.66666666666666,WEAK
3.0,Fuel,2,4,50.0,AMBIGUOUS
4.0,Income,22,85,25.882352941176475,AMBIGUOUS
5.0,Food & Groceries,237,615,38.53658536585366,AMBIGUOUS
6.0,Food & Groceries,483,532,90.78947368421053,MODERATE
7.0,Food & Groceries,64,223,28.699551569506728,AMBIGUOUS
8.0,Utilities & Bills,326,403,80.89330024813896,MODERATE
9.0,Healthcare,305,320,95.3125,STRONG
10.0,Healthcare,47,57,82.45614035087719,MODERATE
11.0,Transfers & Withdrawals,6,8,75.0,WEAK
12.0,Transport,38,219,17.35159817351598,AMBIGUOUS
13.0,Food & Groceries,22,44,50.0,AMBIGUOUS
14.0,Fuel,614,946,64.90486257928119,WEAK
15.0,Transfers & Withdrawals,9,23,39.130434782608695,AMBIGUOUS
16.0,Shopping & Retail,10,31,32.25806451612903,AMBIGUOUS
17.0,Food & Groceries,27,95,28.421052631578945,AMBIGUOUS
18.0,Shopping & Retail,58,95,61.05263157894737,WEAK
19.0,Transfers & Withdrawals,65,202,32.17821782178218,AMBIGUOUS
20.0,Fuel,31,132,23.484848484848484,AMBIGUOUS
21.0,Transport,45,155,29.03225806451613,AMBIGUOUS
22.0,Healthcare,20,91,21.978021978021978,AMBIGUOUS
23.0,Healthcare,9,46,19.565217391304348,AMBIGUOUS
24.0,Healthcare,18,72,25.0,AMBIGUOUS
25.0,Food & Groceries,19,71,26.76056338028169,AMBIGUOUS
26.0,Food & Groceries,17,47,36.17021276595745,AMBIGUOUS
27.0,Food & Groceries,14,61,22.950819672131146,AMBIGUOUS
28.0,Healthcare,19,60,31.666666666666664,AMBIGUOUS
29.0,Transport,57,101,56.43564356435643,AMBIGUOUS
30.0,Fuel,8,33,24.242424242424242,AMBIGUOUS
31.0,Fuel,11,37,29.72972972972973,AMBIGUOUS
32.0,Income,11,38,28.947368421052634,AMBIGUOUS
33.0,Fuel,27,47,57.446808510638306,AMBIGUOUS
34.0,Fuel,31,45,68.88888888888889,WEAK
35.0,Food & Groceries,7,22,31.818181818181817,AMBIGUOUS
36.0,Fuel,5,16,31.25,AMBIGUOUS
37.0,Food & Groceries,7,19,36.84210526315789,AMBIGUOUS
38.0,Healthcare,5,17,29.411764705882355,AMBIGUOUS
39.0,Shopping & Retail,9,24,37.5,AMBIGUOUS
40.0,Transfers & Withdrawals,4,15,26.666666666666668,AMBIGUOUS
41.0,Other,15,27,55.55555555555556,AMBIGUOUS
42.0,Food & Groceries,4,12,33.33333333333333,AMBIGUOUS
43.0,Transport,4,8,50.0,AMBIGUOUS
44.0,Fuel,11,23,47.82608695652174,AMBIGUOUS
45.0,Food & Groceries,4,9,44.44444444444444,AMBIGUOUS
46.0,Utilities & Bills,5,10,50.0,AMBIGUOUS
47.0,Food & Groceries,3,7,42.857142857142854,AMBIGUOUS
48.0,Utilities & Bills,4,16,25.0,AMBIGUOUS
49.0,Healthcare,2,10,20.0,AMBIGUOUS
50.0,Utilities & Bills,6,19,31.57894736842105,AMBIGUOUS
51.0,Transport,6,18,33.33333333333333,AMBIGUOUS
52.0,Transport,8,18,44.44444444444444,AMBIGUOUS
53.0,Food & Groceries,1,4,25.0,AMBIGUOUS
54.0,Fuel,11,20,55.00000000000001,AMBIGUOUS
55.0,Healthcare,3,6,50.0,AMBIGUOUS
56.0,Fuel,3,4,75.0,WEAK
57.0,Healthcare,3,7,42.857142857142854,AMBIGUOUS
58.0,Healthcare,2,10,20.0,AMBIGUOUS
59.0,Shopping & Retail,1,1,100.0,STRONG
60.0,Fuel,5,10,50.0,AMBIGUOUS
61.0,Transport,17,31,54.83870967741935,AMBIGUOUS
62.0,Fuel,3,7,42.857142857142854,AMBIGUOUS
63.0,Transport,3,6,50.0,AMBIGUOUS
64.0,Income,3,5,60.0,WEAK
65.0,Food & Groceries,4,5,80.0,MODERATE
66.0,Transport,8,11,72.72727272727273,WEAK
67.0,Healthcare,3,12,25.0,AMBIGUOUS
68.0,Fuel,5,5,100.0,STRONG
69.0,Healthcare,1,2,50.0,AMBIGUOUS
70.0,Food & Groceries,1,1,100.0,STRONG
71.0,Utilities & Bills,3,7,42.857142857142854,AMBIGUOUS
72.0,Transport,7,9,77.77777777777779,WEAK
73.0,Fuel,1,2,50.0,AMBIGUOUS
74.0,Fuel,1,1,100.0,STRONG
75.0,Shopping & Retail,2,3,66.66666666666666,WEAK
78.0,Other,4,8,50.0,AMBIGUOUS
79.0,Fuel,2,4,50.0,AMBIGUOUS
80.0,Food & Groceries,1,3,33.33333333333333,AMBIGUOUS
81.0,Food & Groceries,2,4,50.0,AMBIGUOUS
82.0,Transfers & Withdrawals,5,11,45.45454545454545,AMBIGUOUS
83.0,Other,6,13,46.15384615384615,AMBIGUOUS
84.0,Food & Groceries,5,6,83.33333333333334,MODERATE
85.0,Income,2,5,40.0,AMBIGUOUS
86.0,Utilities & Bills,1,1,100.0,STRONG
87.0,Healthcare,1,1,100.0,STRONG
88.0,Fuel,4,5,80.0,MODERATE
90.0,Food & Groceries,1,1,100.0,STRONG
92.0,Other,1,2,50.0,AMBIGUOUS
93.0,Healthcare,2,2,100.0,STRONG
95.0,Transfers & Withdrawals,1,1,100.0,STRONG
96.0,Fuel,1,2,50.0,AMBIGUOUS
97.0,Fuel,3,3,100.0,STRONG
98.0,Fuel,1,1,100.0,STRONG
101.0,Food & Groceries,1,2,50.0,AMBIGUOUS
102.0,Income,1,1,100.0,STRONG
103.0,Food & Groceries,1,1,100.0,STRONG
104.0,Healthcare,1,1,100.0,STRONG
105.0,Transport,1,1,100.0,STRONG
106.0,Transport,14,16,87.5,MODERATE
107.0,Income,3,3,100.0,STRONG
108.0,Transport,1,1,100.0,STRONG
109.0,Healthcare,1,1,100.0,STRONG
115.0,Income,1,1,100.0,STRONG
117.0,Healthcare,1,1,100.0,STRONG
134.0,Utilities & Bills,1,1,100.0,STRONG
138.0,Utilities & Bills,1,1,100.0,STRONG
142.0,Income,2,2,100.0,STRONG
151.0,Transport,1,1,100.0,STRONG
152.0,Income,1,1,100.0,STRONG
500.0,Income,239,248,96.37096774193549,STRONG
501.0,Income,68,89,76.40449438202246,WEAK
502.0,Income,4,5,80.0,MODERATE
503.0,Transfers & Withdrawals,1,1,100.0,STRONG
505.0,Healthcare,8,14,57.14285714285714,AMBIGUOUS
506.0,Food & Groceries,2,4,50.0,AMBIGUOUS
507.0,Transport,6,11,54.54545454545454,AMBIGUOUS
508.0,Transport,2,4,50.0,AMBIGUOUS
509.0,Food & Groceries,2,6,33.33333333333333,AMBIGUOUS
511.0,Fuel,3,6,50.0,AMBIGUOUS
513.0,Transfers & Withdrawals,7,25,28.000000000000004,AMBIGUOUS
514.0,Transfers & Withdrawals,28,55,50.90909090909091,AMBIGUOUS
515.0,Shopping & Retail,1,1,100.0,STRONG
600.0,Food & Groceries,68,283,24.02826855123675,AMBIGUOUS
601.0,Food & Groceries,697,759,91.83135704874836,MODERATE
602.0,Transport,144,232,62.06896551724138,WEAK
603.0,Food & Groceries,184,333,55.25525525525525,AMBIGUOUS
604.0,Transport,23,39,58.97435897435898,AMBIGUOUS
605.0,Food & Groceries,17,26,65.38461538461539,WEAK
606.0,Fuel,448,464,96.55172413793103,STRONG
607.0,Utilities & Bills,268,298,89.93288590604027,MODERATE
608.0,Healthcare,253,256,98.828125,STRONG
609.0,Shopping & Retail,70,75,93.33333333333333,MODERATE
610.0,Shopping & Retail,4,11,36.36363636363637,AMBIGUOUS
611.0,Income,40,58,68.96551724137932,WEAK
612.0,Shopping & Retail,18,66,27.27272727272727,AMBIGUOUS
613.0,Transfers & Withdrawals,1,2,50.0,AMBIGUOUS
614.0,Transfers & Withdrawals,9,20,45.0,AMBIGUOUS
615.0,Transfers & Withdrawals,11,20,55.00000000000001,AMBIGUOUS
616.0,Healthcare,8,17,47.05882352941176,AMBIGUOUS
617.0,Shopping & Retail,27,96,28.125,AMBIGUOUS
618.0,Healthcare,6,7,85.71428571428571,MODERATE
619.0,Shopping & Retail,5,10,50.0,AMBIGUOUS
620.0,Utilities & Bills,5,8,62.5,WEAK
621.0,Shopping & Retail,3,6,50.0,AMBIGUOUS
623.0,Transfers & Withdrawals,16,16,100.0,STRONG
625.0,Transfers & Withdrawals,50,153,32.6797385620915,AMBIGUOUS
626.0,Transfers & Withdrawals,162,198,81.81818181818183,MODERATE
627.0,Income,8,22,36.36363636363637,AMBIGUOUS
628.0,Fuel,17,38,44.73684210526316,AMBIGUOUS
629.0,Shopping & Retail,4,11,36.36363636363637,AMBIGUOUS
630.0,Other,9,12,75.0,WEAK
632.0,Healthcare,12,13,92.3076923076923,MODERATE
635.0,Income,23,23,100.0,STRONG
638.0,Income,1,1,100.0,STRONG
650.0,Fuel,9,10,90.0,MODERATE
1626034674.0,Fuel,3,3,100.0,STRONG
1626052914.0,Income,1,1,100.0,STRONG
1626074738.0,Fuel,1,1,100.0,STRONG
1626699771.0,Fuel,1,1,100.0,STRONG
1652206412.0,Income,1,1,100.0,STRONG
